Symbol,Name,Weight,Industry,Shares Held,SPDR Fund
LIN,Linde plc,18.148008,Chemicals,2755975,XHB
APD,Air Products and Chemicals Inc.,8.774636,Chemicals,1130984,XHB
SHW,Sherwin-Williams Company,7.339606,Chemicals,421452,XHB
NEM,Newmont Corporation,7.108922,Metals & Mining,3887067,XHB
ECL,Ecolab Inc.,7.072379,Chemicals,1286558,XHB
DD,DuPont de Nemours Inc.,4.74856,Chemicals,3800709,XHB
DOW,Dow Inc.,4.439025,Chemicals,3804260,XHB
PPG,PPG Industries Inc.,3.892405,Chemicals,1222975,XHB
BLL,Ball Corporation,3.85797,Containers & Packaging,1691977,XHB
CTVA,Corteva Inc,3.724843,Chemicals,3870838,XHB
VMC,Vulcan Materials Company,2.464699,Construction Materials,684513,XHB
AMCR,Amcor PLC,2.435228,Containers & Packaging,8379521,XHB
LYB,LyondellBasell Industries NV,2.360273,Chemicals,1327859,XHB
IP,International Paper Company,2.356659,Containers & Packaging,2028058,XHB
IFF,International Flavors & Fragrances Inc.,2.285543,Chemicals,552214,XHB
MLM,Martin Marietta Materials Inc.,2.045289,Construction Materials,323272,XHB
NUE,Nucor Corporation,1.956558,Metals & Mining,1568217,XHB
FMC,FMC Corporation,1.888824,Chemicals,670393,XHB
FCX,Freeport-McMoRan Inc.,1.775661,Metals & Mining,7504278,XHB
CE,Celanese Corporation,1.706959,Chemicals,625130,XHB
PKG,Packaging Corporation of America,1.638339,Containers & Packaging,489635,XHB
AVY,Avery Dennison Corporation,1.492949,Containers & Packaging,431849,XHB
WRK,WestRock Company,1.452758,Containers & Packaging,1333841,XHB
ALB,Albemarle Corporation,1.225542,Chemicals,548464,XHB
EMN,Eastman Chemical Company,1.185211,Chemicals,703259,XHB
CF,CF Industries Holdings Inc.,1.088093,Chemicals,1124584,XHB
SEE,Sealed Air Corporation,0.7764,Containers & Packaging,799175,XHB
MOS,Mosaic Company,0.731939,Chemicals,1808346,XHB
FB,Facebook Inc. Class A,18.482459,Interactive Media & Services,7478114,XLC
GOOGL,Alphabet Inc. Class A,11.658186,Interactive Media & Services,662711,XLC
GOOG,Alphabet Inc. Class C,11.657211,Interactive Media & Services,661094,XLC
NFLX,Netflix Inc.,7.027658,Entertainment,1168880,XLC
ATVI,Activision Blizzard Inc.,5.605978,Entertainment,5948685,XLC
VZ,Verizon Communications Inc.,4.816995,Diversified Telecommunication Services,5737323,XLC
CHTR,Charter Communications Inc. Class A,4.677077,Media,734089,XLC
EA,Electronic Arts Inc.,4.571528,Entertainment,2869339,XLC
CMCSA,Comcast Corporation Class A,4.564955,Media,8005323,XLC
T,AT&T Inc.,4.073634,Diversified Telecommunication Services,9118450,XLC
TMUS,T-Mobile US Inc.,3.929902,Wireless Telecommunication Services,3110808,XLC
DIS,Walt Disney Company,3.416154,Entertainment,2386932,XLC
TWTR,Twitter Inc.,3.143523,Interactive Media & Services,7629270,XLC
TTWO,Take-Two Interactive Software Inc.,2.038283,Entertainment,1112168,XLC
OMC,Omnicom Group Inc,1.724576,Media,2139551,XLC
CTL,CenturyLink Inc.,1.398849,Diversified Telecommunication Services,9645806,XLC
FOXA,Fox Corporation Class A,1.174083,Media,3482850,XLC
VIAC,ViacomCBS Inc. Class B,0.999672,Media,5310507,XLC
DISCK,Discovery Inc. Class C,0.905427,Media,3296182,XLC
LYV,Live Nation Entertainment Inc.,0.8627,Entertainment,1384806,XLC
IPG,Interpublic Group of Companies Inc.,0.817985,Media,3805545,XLC
DISH,DISH Network Corporation Class A,0.759445,Media,2507303,XLC
FOX,Fox Corporation Class B,0.527448,Media,1595448,XLC
NWSA,News Corporation Class A,0.524433,Media,3818366,XLC
DISCA,Discovery Inc. Class A,0.479267,Media,1553203,XLC
NWS,News Corporation Class B,0.16257,Media,1196750,XLC
XOM,Exxon Mobil Corporation,25.684628,Oil Gas & Consumable Fuels,44422240,XLE
CVX,Chevron Corporation,23.333227,Oil Gas & Consumable Fuels,23407934,XLE
KMI,Kinder Morgan Inc Class P,5.194875,Oil Gas & Consumable Fuels,25618128,XLE
EOG,EOG Resources Inc.,4.858585,Oil Gas & Consumable Fuels,7651300,XLE
COP,ConocoPhillips,4.331235,Oil Gas & Consumable Fuels,9596395,XLE
PSX,Phillips 66,4.120638,Oil Gas & Consumable Fuels,5325168,XLE
SLB,Schlumberger NV,3.639082,Energy Equipment & Services,15428119,XLE
WMB,Williams Companies Inc.,3.267666,Oil Gas & Consumable Fuels,15940816,XLE
VLO,Valero Energy Corporation,3.238917,Oil Gas & Consumable Fuels,5400869,XLE
MPC,Marathon Petroleum Corporation,2.609317,Oil Gas & Consumable Fuels,8539720,XLE
PXD,Pioneer Natural Resources Company,2.454875,Oil Gas & Consumable Fuels,2178650,XLE
OXY,Occidental Petroleum Corporation,2.093012,Oil Gas & Consumable Fuels,11748863,XLE
OKE,ONEOK Inc.,1.95763,Oil Gas & Consumable Fuels,5432783,XLE
CXO,Concho Resources Inc.,1.848596,Oil Gas & Consumable Fuels,2644012,XLE
HES,Hess Corporation,1.81048,Oil Gas & Consumable Fuels,3406382,XLE
BKR,Baker Hughes Company Class A,1.466054,Energy Equipment & Services,8547049,XLE
COG,Cabot Oil & Gas Corporation,1.394651,Oil Gas & Consumable Fuels,5364930,XLE
HAL,Halliburton Company,1.112166,Energy Equipment & Services,11544789,XLE
NOV,National Oilwell Varco Inc.,0.909599,Energy Equipment & Services,5074497,XLE
FANG,Diamondback Energy Inc.,0.793676,Oil Gas & Consumable Fuels,2119336,XLE
HFC,HollyFrontier Corporation,0.669929,Oil Gas & Consumable Fuels,1952833,XLE
MRO,Marathon Oil Corporation,0.647947,Oil Gas & Consumable Fuels,10520644,XLE
FTI,TechnipFMC Plc,0.640139,Energy Equipment & Services,5526896,XLE
DVN,Devon Energy Corporation,0.578267,Oil Gas & Consumable Fuels,5089649,XLE
NBL,Noble Energy Inc.,0.516949,Oil Gas & Consumable Fuels,6290537,XLE
APA,Apache Corporation,0.391869,Oil Gas & Consumable Fuels,4945511,XLE
HP,Helmerich & Payne Inc.,0.370501,Energy Equipment & Services,1426249,XLE
BRKB,Berkshire Hathaway Inc. Class B,15.945241,Diversified Financial Services,12238934,XLF
JPM,JPMorgan Chase & Co.,12.463251,Banks,19625252,XLF
BAC,Bank of America Corp,7.359386,Banks,50654616,XLF
WFC,Wells Fargo & Company,4.886223,Banks,24081736,XLF
C,Citigroup Inc.,3.884781,Banks,13660351,XLF
CME,CME Group Inc. Class A,2.514308,Capital Markets,2242310,XLF
SPGI,S&P Global Inc.,2.359883,Capital Markets,1529157,XLF
AXP,American Express Company,2.326557,Consumer Finance,4198482,XLF
GS,Goldman Sachs Group Inc.,2.162554,Capital Markets,1993910,XLF
CB,Chubb Limited,2.146531,Insurance,2835712,XLF
USB,U.S. Bancorp,2.067388,Banks,8893023,XLF
PGR,Progressive Corporation,1.9562,Insurance,3657978,XLF
MMC,Marsh & McLennan Companies Inc.,1.946018,Insurance,3157796,XLF
BLK,BlackRock Inc.,1.941313,Capital Markets,737847,XLF
ICE,Intercontinental Exchange Inc.,1.871675,Capital Markets,3484214,XLF
PNC,PNC Financial Services Group Inc.,1.776524,Banks,2741552,XLF
TFC,Truist Financial Corporation,1.732267,Banks,8391246,XLF
MS,Morgan Stanley,1.72005,Capital Markets,7696904,XLF
AON,Aon plc,1.712666,Insurance,1465026,XLF
SCHW,Charles Schwab Corporation,1.638286,Capital Markets,7153537,XLF
MCO,Moody's Corporation,1.34776,Capital Markets,1015939,XLF
ALL,Allstate Corporation,1.192876,Insurance,2027133,XLF
BK,Bank of New York Mellon Corporation,1.160102,Capital Markets,5251670,XLF
TRV,Travelers Companies Inc.,1.14679,Insurance,1615117,XLF
COF,Capital One Financial Corporation,1.004075,Consumer Finance,2914663,XLF
TROW,T. Rowe Price Group,1.003839,Capital Markets,1462448,XLF
MSCI,MSCI Inc. Class A,0.986565,Capital Markets,530221,XLF
WLTW,Willis Towers Watson Public Limited Company,0.953985,Insurance,804542,XLF
AFL,Aflac Incorporated,0.948233,Insurance,4593321,XLF
MET,MetLife Inc.,0.924958,Insurance,4891881,XLF
AIG,American International Group Inc.,0.844339,Insurance,5444216,XLF
PRU,Prudential Financial Inc.,0.792838,Insurance,2515666,XLF
STT,State Street Corporation,0.7901,Capital Markets,2275484,XLF
NTRS,Northern Trust Corporation,0.672432,Capital Markets,1325947,XLF
FRC,First Republic Bank,0.640743,Banks,1054722,XLF
AJG,Arthur J. Gallagher & Co.,0.640133,Insurance,1167366,XLF
MTB,M&T Bank Corporation,0.584702,Banks,825913,XLF
HIG,Hartford Financial Services Group Inc.,0.556619,Insurance,2255558,XLF
MKTX,MarketAxess Holdings Inc.,0.536497,Capital Markets,237333,XLF
AMP,Ameriprise Financial Inc.,0.528034,Capital Markets,792845,XLF
CINF,Cincinnati Financial Corporation,0.51019,Insurance,950740,XLF
FITB,Fifth Third Bancorp,0.433967,Banks,4441184,XLF
CBOE,Cboe Global Markets Inc,0.426673,Capital Markets,693718,XLF
KEY,KeyCorp,0.423991,Banks,6163950,XLF
NDAQ,Nasdaq Inc.,0.420419,Capital Markets,718073,XLF
DFS,Discover Financial Services,0.420095,Consumer Finance,1961670,XLF
L,Loews Corporation,0.382531,Insurance,1600669,XLF
RF,Regions Financial Corporation,0.374496,Banks,6036779,XLF
SIVB,SVB Financial Group,0.371414,Banks,322746,XLF
HBAN,Huntington Bancshares Incorporated,0.363542,Banks,6462980,XLF
SYF,Synchrony Financial,0.363278,Consumer Finance,3531877,XLF
RE,Everest Re Group Ltd.,0.352569,Insurance,255148,XLF
CFG,Citizens Financial Group Inc.,0.346945,Banks,2720568,XLF
RJF,Raymond James Financial Inc.,0.342132,Capital Markets,772713,XLF
WRB,W. R. Berkley Corporation,0.31635,Insurance,907933,XLF
PFG,Principal Financial Group Inc.,0.313774,Insurance,1616205,XLF
ETFC,E*TRADE Financial Corporation,0.309793,Capital Markets,1413717,XLF
GL,Globe Life Inc.,0.291283,Insurance,623364,XLF
AIZ,Assurant Inc.,0.284165,Insurance,379510,XLF
PBCT,People's United Financial Inc.,0.238975,Banks,2779359,XLF
BEN,Franklin Resources Inc.,0.214608,Capital Markets,1745543,XLF
ZION,Zions Bancorporation N.A.,0.206448,Banks,1066918,XLF
CMA,Comerica Incorporated,0.1982,Banks,902156,XLF
LNC,Lincoln National Corporation,0.173049,Insurance,1241209,XLF
IVZ,Invesco Ltd.,0.142432,Capital Markets,2329159,XLF
UNM,Unum Group,0.107656,Insurance,1290679,XLF
UNP,Union Pacific Corporation,5.441773,Road & Rail,2893402,XLI
HON,Honeywell International Inc.,5.101108,Industrial Conglomerates,2978117,XLI
LMT,Lockheed Martin Corporation,4.722996,Aerospace & Defense,1034611,XLI
MMM,3M Company,4.659151,Industrial Conglomerates,2396785,XLI
UPS,United Parcel Service Inc. Class B,4.42661,Air Freight & Logistics,2920662,XLI
UTX,United Technologies Corporation,4.179833,Aerospace & Defense,3381527,XLI
BA,Boeing Company,3.881653,Aerospace & Defense,2228415,XLI
GE,General Electric Company,3.667964,Industrial Conglomerates,36400676,XLI
CAT,Caterpillar Inc.,3.489283,Machinery,2303470,XLI
NOC,Northrop Grumman Corporation,2.907245,Aerospace & Defense,653234,XLI
CSX,CSX Corporation,2.547594,Road & Rail,3241169,XLI
DE,Deere & Company,2.405563,Machinery,1312299,XLI
ITW,Illinois Tool Works Inc.,2.374177,Machinery,1219061,XLI
WM,Waste Management Inc.,2.357382,Commercial Services & Supplies,1626728,XLI
LHX,L3Harris Technologies Inc,2.282574,Aerospace & Defense,921346,XLI
RTN,Raytheon Company,2.211655,Aerospace & Defense,1160675,XLI
NSC,Norfolk Southern Corporation,2.130762,Road & Rail,1086805,XLI
FDX,FedEx Corporation,1.843987,Air Freight & Logistics,1000454,XLI
ROP,Roper Technologies Inc.,1.819132,Industrial Conglomerates,433754,XLI
GD,General Dynamics Corporation,1.717038,Aerospace & Defense,976671,XLI
ETN,Eaton Corp. Plc,1.64164,Electrical Equipment,1723063,XLI
EMR,Emerson Electric Co.,1.594444,Electrical Equipment,2538855,XLI
VRSK,Verisk Analytics Inc,1.364807,Professional Services,682914,XLI
INFO,IHS Markit Ltd.,1.251374,Professional Services,1671309,XLI
JCI,Johnson Controls International plc,1.246076,Building Products,3215156,XLI
PCAR,PACCAR Inc,1.186603,Machinery,1441596,XLI
TT,Trane Technologies plc,1.173509,Building Products,998542,XLI
FAST,Fastenal Company,1.110931,Trading Companies & Distributors,2390406,XLI
LUV,Southwest Airlines Co.,1.098145,Airlines,1974100,XLI
CMI,Cummins Inc.,1.082046,Machinery,638480,XLI
TDG,TransDigm Group Incorporated,1.032248,Aerospace & Defense,207577,XLI
RSG,Republic Services Inc.,0.959362,Commercial Services & Supplies,877923,XLI
ROK,Rockwell Automation Inc.,0.958541,Electrical Equipment,481616,XLI
AME,AMETEK Inc.,0.91468,Electrical Equipment,952790,XLI
CTAS,Cintas Corporation,0.904973,Commercial Services & Supplies,349378,XLI
DAL,Delta Air Lines Inc.,0.879143,Airlines,2399061,XLI
EFX,Equifax Inc.,0.87072,Professional Services,504649,XLI
PH,Parker-Hannifin Corporation,0.861524,Machinery,535453,XLI
FTV,Fortive Corp.,0.853311,Machinery,1231630,XLI
CPRT,Copart Inc.,0.826539,Commercial Services & Supplies,852628,XLI
ODFL,Old Dominion Freight Line Inc.,0.7544,Road & Rail,266166,XLI
SWK,Stanley Black & Decker Inc.,0.75254,Machinery,633493,XLI
XYL,Xylem Inc.,0.701109,Machinery,750564,XLI
KSU,Kansas City Southern,0.685018,Road & Rail,413132,XLI
EXPD,Expeditors International of Washington Inc.,0.653908,Air Freight & Logistics,709809,XLI
DOV,Dover Corporation,0.652843,Machinery,605558,XLI
GWW,W.W. Grainger Inc.,0.628087,Trading Companies & Distributors,181795,XLI
IEX,IDEX Corporation,0.599577,Machinery,317100,XLI
CHRW,C.H. Robinson Worldwide Inc.,0.587947,Air Freight & Logistics,563731,XLI
J,Jacobs Engineering Group Inc.,0.58681,Construction & Engineering,564695,XLI
MAS,Masco Corporation,0.537594,Building Products,1184059,XLI
WAB,Westinghouse Air Brake Technologies Corporation,0.514776,Machinery,758901,XLI
ALLE,Allegion PLC,0.502007,Building Products,387269,XLI
IR,Ingersoll Rand Inc.,0.463878,Machinery,1442431,XLI
JBHT,J.B. Hunt Transport Services Inc.,0.463189,Road & Rail,355334,XLI
HII,Huntington Ingalls Industries Inc.,0.432853,Aerospace & Defense,170463,XLI
UAL,United Airlines Holdings Inc.,0.392629,Airlines,906939,XLI
URI,United Rentals Inc.,0.366224,Trading Companies & Distributors,313247,XLI
SNA,Snap-on Incorporated,0.360215,Machinery,228542,XLI
TXT,Textron Inc.,0.339862,Aerospace & Defense,951415,XLI
AOS,A. O. Smith Corporation,0.335373,Building Products,571221,XLI
FBHS,Fortune Brands Home & Security Inc.,0.333177,Building Products,580025,XLI
ARNC,Arconic Inc.,0.319265,Aerospace & Defense,1614572,XLI
ROL,Rollins Inc.,0.305535,Commercial Services & Supplies,586829,XLI
NLSN,Nielsen Holdings Plc,0.292027,Professional Services,1483013,XLI
RHI,Robert Half International Inc.,0.276114,Professional Services,489969,XLI
AAL,American Airlines Group Inc.,0.2747,Airlines,1625028,XLI
PNR,Pentair plc,0.264014,Machinery,700594,XLI
PWR,Quanta Services Inc.,0.232794,Construction & Engineering,593090,XLI
ALK,Alaska Air Group Inc.,0.203478,Airlines,513439,XLI
FLS,Flowserve Corporation,0.173069,Machinery,545432,XLI
MSFT,Microsoft Corporation,21.661482,Software,32540048,XLK
AAPL,Apple Inc.,19.568188,Technology Hardware Storage & Peripherals,17815208,XLK
V,Visa Inc. Class A,4.852073,IT Services,7301709,XLK
INTC,Intel Corporation,4.50353,Semiconductors & Semiconductor Equipment,18554598,XLK
MA,Mastercard Incorporated Class A,3.768589,IT Services,3786574,XLK
ADBE,Adobe Inc.,3.105898,Software,2064772,XLK
CSCO,Cisco Systems Inc.,3.065001,Communications Equipment,18095044,XLK
NVDA,NVIDIA Corporation,2.718059,Semiconductors & Semiconductor Equipment,2610459,XLK
CRM,salesforce.com inc.,2.602691,Software,3783463,XLK
PYPL,PayPal Holdings Inc,2.090465,IT Services,5008441,XLK
ORCL,Oracle Corporation,1.999097,Software,9240916,XLK
TXN,Texas Instruments Incorporated,1.921469,Semiconductors & Semiconductor Equipment,3987189,XLK
ACN,Accenture Plc Class A,1.905428,IT Services,2708763,XLK
IBM,International Business Machines Corporation,1.752614,IT Services,3777638,XLK
AVGO,Broadcom Inc.,1.602473,Semiconductors & Semiconductor Equipment,1691929,XLK
QCOM,QUALCOMM Incorporated,1.490926,Semiconductors & Semiconductor Equipment,4870492,XLK
FIS,Fidelity National Information Services Inc.,1.314798,IT Services,2621513,XLK
INTU,Intuit Inc.,1.058391,Software,1110301,XLK
AMD,Advanced Micro Devices Inc.,1.017022,Semiconductors & Semiconductor Equipment,4989128,XLK
NOW,ServiceNow Inc.,1.005511,Software,804465,XLK
ADP,Automatic Data Processing Inc.,0.985459,IT Services,1845603,XLK
FISV,Fiserv Inc.,0.918249,IT Services,2435986,XLK
MU,Micron Technology Inc.,0.884216,Semiconductors & Semiconductor Equipment,4722065,XLK
AMAT,Applied Materials Inc.,0.774843,Semiconductors & Semiconductor Equipment,3940188,XLK
GPN,Global Payments Inc.,0.72846,IT Services,1282009,XLK
ADSK,Autodesk Inc.,0.66223,Software,938490,XLK
ADI,Analog Devices Inc.,0.654933,Semiconductors & Semiconductor Equipment,1570964,XLK
LRCX,Lam Research Corporation,0.584239,Semiconductors & Semiconductor Equipment,618837,XLK
CTSH,Cognizant Technology Solutions Corporation Class A,0.475757,IT Services,2335569,XLK
MSI,Motorola Solutions Inc.,0.445634,Communications Equipment,730811,XLK
APH,Amphenol Corporation Class A,0.427179,Electronic Equipment Instruments & Components,1264637,XLK
HPQ,HP Inc.,0.423938,Technology Hardware Storage & Peripherals,6321017,XLK
KLAC,KLA Corporation,0.383396,Semiconductors & Semiconductor Equipment,673052,XLK
TEL,TE Connectivity Ltd.,0.381823,Electronic Equipment Instruments & Components,1426652,XLK
XLNX,Xilinx Inc.,0.378078,Semiconductors & Semiconductor Equipment,1072640,XLK
ANSS,ANSYS Inc.,0.372302,Software,365012,XLK
SNPS,Synopsys Inc.,0.340542,Software,641248,XLK
PAYX,Paychex Inc.,0.335199,IT Services,1358826,XLK
CDNS,Cadence Design Systems Inc.,0.327277,Software,1196795,XLK
MCHP,Microchip Technology Incorporated,0.326908,Semiconductors & Semiconductor Equipment,1019349,XLK
VRSN,VeriSign Inc.,0.326141,IT Services,440702,XLK
KEYS,Keysight Technologies Inc,0.317913,Electronic Equipment Instruments & Components,800051,XLK
FLT,FleetCor Technologies Inc.,0.311159,IT Services,370141,XLK
CTXS,Citrix Systems Inc.,0.292037,Software,490579,XLK
AKAM,Akamai Technologies Inc.,0.288647,IT Services,689292,XLK
GLW,Corning Inc,0.285063,Electronic Equipment Instruments & Components,3280559,XLK
SWKS,Skyworks Solutions Inc.,0.26664,Semiconductors & Semiconductor Equipment,726706,XLK
MXIM,Maxim Integrated Products Inc.,0.25898,Semiconductors & Semiconductor Equipment,1154308,XLK
CDW,CDW Corp.,0.256821,Electronic Equipment Instruments & Components,612861,XLK
FTNT,Fortinet Inc.,0.254611,Software,605464,XLK
WDC,Western Digital Corporation,0.213441,Technology Hardware Storage & Peripherals,1268540,XLK
HPE,Hewlett Packard Enterprise Co.,0.211568,Technology Hardware Storage & Peripherals,5519420,XLK
JKHY,Jack Henry & Associates Inc.,0.208205,IT Services,328139,XLK
BR,Broadridge Financial Solutions Inc.,0.201711,IT Services,489006,XLK
NLOK,NortonLifeLock Inc.,0.198517,Software,2445790,XLK
STX,Seagate Technology PLC,0.196855,Technology Hardware Storage & Peripherals,986061,XLK
LDOS,Leidos Holdings Inc.,0.196816,IT Services,567608,XLK
ZBRA,Zebra Technologies Corporation Class A,0.192257,Electronic Equipment Instruments & Components,230040,XLK
ANET,Arista Networks Inc.,0.183396,Communications Equipment,231420,XLK
PAYC,Paycom Software Inc.,0.183276,Software,209220,XLK
NTAP,NetApp Inc.,0.168466,Technology Hardware Storage & Peripherals,973481,XLK
QRVO,Qorvo Inc.,0.168258,Semiconductors & Semiconductor Equipment,495533,XLK
WU,Western Union Company,0.162399,IT Services,1788321,XLK
IT,Gartner Inc.,0.158808,IT Services,381555,XLK
FFIV,F5 Networks Inc.,0.125228,Communications Equipment,259305,XLK
JNPR,Juniper Networks Inc.,0.120772,Communications Equipment,1427673,XLK
IPGP,IPG Photonics Corporation,0.081705,Electronic Equipment Instruments & Components,151699,XLK
FLIR,FLIR Systems Inc.,0.08116,Electronic Equipment Instruments & Components,572268,XLK
XRX,Xerox Holdings Corporation,0.062542,Technology Hardware Storage & Peripherals,793016,XLK
DXC,DXC Technology Co.,0.057948,IT Services,1091978,XLK
ADS,Alliance Data Systems Corporation,0.026559,IT Services,174896,XLK
PG,Procter & Gamble Company,16.374813,Household Products,20223116,XLP
WMT,Walmart Inc.,10.895497,Food & Staples Retailing,11503847,XLP
PEP,PepsiCo Inc.,9.857151,Beverages,11307966,XLP
KO,Coca-Cola Company,9.733894,Beverages,31269960,XLP
COST,Costco Wholesale Corporation,5.651594,Food & Staples Retailing,2388281,XLP
MDLZ,Mondelez International Inc. Class A,4.641839,Food Products,13357693,XLP
PM,Philip Morris International Inc.,4.092456,Tobacco,8232729,XLP
CL,Colgate-Palmolive Company,3.984743,Household Products,7951088,XLP
MO,Altria Group Inc,3.61412,Tobacco,13896836,XLP
KMB,Kimberly-Clark Corporation,2.960954,Household Products,3180267,XLP
WBA,Walgreens Boots Alliance Inc,2.513896,Food & Staples Retailing,6955487,XLP
EL,Estee Lauder Companies Inc. Class A,2.47057,Personal Products,2064697,XLP
GIS,General Mills Inc.,2.197132,Food Products,5607186,XLP
KR,Kroger Co.,1.916511,Food & Staples Retailing,7440404,XLP
CLX,Clorox Company,1.641738,Household Products,1164297,XLP
MNST,Monster Beverage Corporation,1.496072,Beverages,3541637,XLP
SYY,Sysco Corporation,1.422879,Food & Staples Retailing,4733547,XLP
STZ,Constellation Brands Inc. Class A,1.360476,Beverages,1553921,XLP
TSN,Tyson Foods Inc. Class A,1.307288,Food Products,2738514,XLP
HSY,Hershey Company,1.270604,Food Products,1375860,XLP
ADM,Archer-Daniels-Midland Company,1.254538,Food Products,5164573,XLP
CHD,Church & Dwight Co. Inc.,1.148505,Household Products,2276649,XLP
MKC,McCormick & Company Incorporated,1.081477,Food Products,1146375,XLP
K,Kellogg Company,1.025386,Food Products,2310005,XLP
KHC,Kraft Heinz Company,0.994577,Food Products,5777875,XLP
CAG,Conagra Brands Inc.,0.963879,Food Products,4514847,XLP
HRL,Hormel Foods Corporation,0.904557,Food Products,2579641,XLP
SJM,J.M. Smucker Company,0.840033,Food Products,1058138,XLP
BFB,Brown-Forman Corporation Class B,0.651131,Beverages,1690318,XLP
CPB,Campbell Soup Company,0.557582,Food Products,1567163,XLP
LW,Lamb Weston Holdings Inc.,0.535796,Food Products,1355052,XLP
TAP,Molson Coors Beverage Company Class B,0.499194,Beverages,1742856,XLP
COTY,Coty Inc. Class A,0.117042,Personal Products,2742204,XLP
AMT,American Tower Corporation,14.982434,Equity Real Estate Investment Trusts (Reits),2075629,XLRE
CCI,Crown Castle International Corp,9.184969,Equity Real Estate Investment Trusts (Reits),1948071,XLRE
PLD,Prologis Inc.,8.834726,Equity Real Estate Investment Trusts (Reits),3458980,XLRE
EQIX,Equinix Inc.,7.877008,Equity Real Estate Investment Trusts (Reits),399546,XLRE
DLR,Digital Realty Trust Inc.,5.355494,Equity Real Estate Investment Trusts (Reits),1231450,XLRE
SBAC,SBA Communications Corp. Class A,4.580219,Equity Real Estate Investment Trusts (Reits),527422,XLRE
PSA,Public Storage,4.555748,Equity Real Estate Investment Trusts (Reits),703762,XLRE
EQR,Equity Residential,3.386375,Equity Real Estate Investment Trusts (Reits),1634915,XLRE
WELL,Welltower Inc.,3.330506,Equity Real Estate Investment Trusts (Reits),1900026,XLRE
AVB,AvalonBay Communities Inc.,3.192091,Equity Real Estate Investment Trusts (Reits),654096,XLRE
SPG,Simon Property Group Inc.,2.905197,Equity Real Estate Investment Trusts (Reits),1437000,XLRE
O,Realty Income Corporation,2.665931,Equity Real Estate Investment Trusts (Reits),1526155,XLRE
ARE,Alexandria Real Estate Equities Inc.,2.659355,Equity Real Estate Investment Trusts (Reits),574142,XLRE
ESS,Essex Property Trust Inc.,2.272025,Equity Real Estate Investment Trusts (Reits),309337,XLRE
BXP,Boston Properties Inc.,2.114524,Equity Real Estate Investment Trusts (Reits),673204,XLRE
WY,Weyerhaeuser Company,1.893752,Equity Real Estate Investment Trusts (Reits),3488143,XLRE
CBRE,CBRE Group Inc. Class A,1.884327,Real Estate Management & Development,1567262,XLRE
PEAK,Healthpeak Properties Inc.,1.862604,Equity Real Estate Investment Trusts (Reits),2316415,XLRE
EXR,Extra Space Storage Inc.,1.822888,Equity Real Estate Investment Trusts (Reits),606180,XLRE
MAA,Mid-America Apartment Communities Inc.,1.822201,Equity Real Estate Investment Trusts (Reits),533956,XLRE
DRE,Duke Realty Corporation,1.820121,Equity Real Estate Investment Trusts (Reits),1720322,XLRE
UDR,UDR Inc.,1.660513,Equity Real Estate Investment Trusts (Reits),1371453,XLRE
VTR,Ventas Inc.,1.630918,Equity Real Estate Investment Trusts (Reits),1759312,XLRE
HST,Host Hotels & Resorts Inc.,1.444117,Equity Real Estate Investment Trusts (Reits),3354824,XLRE
IRM,Iron Mountain Inc.,1.223698,Equity Real Estate Investment Trusts (Reits),1355392,XLRE
REG,Regency Centers Corporation,1.11196,Equity Real Estate Investment Trusts (Reits),790954,XLRE
VNO,Vornado Realty Trust,0.922688,Equity Real Estate Investment Trusts (Reits),747877,XLRE
FRT,Federal Realty Investment Trust,0.890887,Equity Real Estate Investment Trusts (Reits),331536,XLRE
KIM,Kimco Realty Corporation,0.754559,Equity Real Estate Investment Trusts (Reits),1989493,XLRE
AIV,Apartment Investment & Management Co Class A,0.715119,Equity Real Estate Investment Trusts (Reits),701565,XLRE
SLG,SL Green Realty Corp.,0.63689,Equity Real Estate Investment Trusts (Reits),384095,XLRE
NEE,NextEra Energy Inc.,14.361249,Electric Utilities,6522929,XLU
D,Dominion Energy Inc,7.906486,Multi-Utilities,10984491,XLU
DUK,Duke Energy Corporation,7.5642,Electric Utilities,9729176,XLU
SO,Southern Company,7.332825,Electric Utilities,13995739,XLU
AEP,American Electric Power Company Inc.,5.592494,Electric Utilities,6592000,XLU
EXC,Exelon Corporation,4.713756,Electric Utilities,12973143,XLU
XEL,Xcel Energy Inc.,4.270819,Electric Utilities,7047757,XLU
SRE,Sempra Energy,3.954698,Multi-Utilities,3492876,XLU
WEC,WEC Energy Group Inc,3.642321,Multi-Utilities,4239386,XLU
ED,Consolidated Edison Inc.,3.538609,Multi-Utilities,4467831,XLU
ES,Eversource Energy,3.281764,Electric Utilities,4351282,XLU
PEG,Public Service Enterprise Group Inc,3.036397,Multi-Utilities,6796931,XLU
FE,FirstEnergy Corp.,2.921051,Electric Utilities,7261756,XLU
AWK,American Water Works Company Inc.,2.858333,Water Utilities,2429615,XLU
EIX,Edison International,2.597564,Electric Utilities,4819575,XLU
ETR,Entergy Corporation,2.535465,Electric Utilities,2675911,XLU
AEE,Ameren Corporation,2.459391,Multi-Utilities,3306596,XLU
DTE,DTE Energy Company,2.403461,Multi-Utilities,2581838,XLU
PPL,PPL Corporation,2.324981,Electric Utilities,10319288,XLU
CMS,CMS Energy Corporation,2.242823,Multi-Utilities,3814815,XLU
EVRG,Evergy Inc.,1.667543,Electric Utilities,3063001,XLU
LNT,Alliant Energy Corp,1.565934,Electric Utilities,3230962,XLU
ATO,Atmos Energy Corporation,1.564908,Gas Utilities,1603994,XLU
AES,AES Corporation,1.28391,Independent Power and Renewable Electricity Producers,8924701,XLU
NI,NiSource Inc,1.26951,Multi-Utilities,5021477,XLU
PNW,Pinnacle West Capital Corporation,1.152143,Electric Utilities,1511111,XLU
CNP,CenterPoint Energy Inc.,0.990108,Multi-Utilities,6751604,XLU
NRG,NRG Energy Inc.,0.908347,Electric Utilities,3382140,XLU
JNJ,Johnson & Johnson,10.513412,Pharmaceuticals,14726832,XLV
UNH,UnitedHealth Group Incorporated,6.63552,Health Care Providers & Services,5301372,XLV
MRK,Merck & Co. Inc.,6.076195,Pharmaceuticals,14246220,XLV
PFE,Pfizer Inc.,5.66696,Pharmaceuticals,30966612,XLV
ABT,Abbott Laboratories,3.990626,Health Care Equipment & Supplies,9889609,XLV
AMGN,Amgen Inc.,3.970806,Biotechnology,3324798,XLV
BMY,Bristol-Myers Squibb Company,3.909465,Pharmaceuticals,13117024,XLV
TMO,Thermo Fisher Scientific Inc.,3.67952,Life Sciences Tools & Services,2243760,XLV
LLY,Eli Lilly and Company,3.615323,Pharmaceuticals,4727741,XLV
MDT,Medtronic Plc,3.513048,Health Care Equipment & Supplies,7500211,XLV
ABBV,AbbVie Inc.,3.428362,Biotechnology,8274904,XLV
GILD,Gilead Sciences Inc.,3.301766,Biotechnology,7079229,XLV
DHR,Danaher Corporation,2.78924,Health Care Equipment & Supplies,3577165,XLV
CVS,CVS Health Corporation,2.482502,Health Care Providers & Services,7279690,XLV
AGN,Allergan plc,1.978695,Pharmaceuticals,1836884,XLV
BDX,Becton Dickinson and Company,1.949833,Health Care Equipment & Supplies,1513372,XLV
VRTX,Vertex Pharmaceuticals Incorporated,1.868962,Biotechnology,1438911,XLV
BIIB,Biogen Inc.,1.745833,Biotechnology,1009671,XLV
CI,Cigna Corporation,1.745622,Health Care Providers & Services,2089501,XLV
ANTM,Anthem Inc.,1.591998,Health Care Providers & Services,1418846,XLV
ZTS,Zoetis Inc. Class A,1.586243,Pharmaceuticals,2665099,XLV
ISRG,Intuitive Surgical Inc.,1.527699,Health Care Equipment & Supplies,646727,XLV
SYK,Stryker Corporation,1.464,Health Care Equipment & Supplies,1801717,XLV
BAX,Baxter International Inc.,1.317742,Health Care Equipment & Supplies,2856810,XLV
REGN,Regeneron Pharmaceuticals Inc.,1.308165,Biotechnology,446978,XLV
BSX,Boston Scientific Corporation,1.294012,Health Care Equipment & Supplies,7799196,XLV
ILMN,Illumina Inc.,1.256269,Life Sciences Tools & Services,822583,XLV
EW,Edwards Lifesciences Corporation,1.178701,Health Care Equipment & Supplies,1167090,XLV
HUM,Humana Inc.,1.020575,Health Care Providers & Services,740961,XLV
CNC,Centene Corporation,0.955803,Health Care Providers & Services,3266750,XLV
MCK,McKesson Corporation,0.749613,Health Care Providers & Services,1008212,XLV
HCA,HCA Healthcare Inc,0.748944,Health Care Providers & Services,1480401,XLV
A,Agilent Technologies Inc.,0.704861,Life Sciences Tools & Services,1731632,XLV
ALXN,Alexion Pharmaceuticals Inc.,0.645304,Biotechnology,1238280,XLV
RMD,ResMed Inc.,0.627157,Health Care Equipment & Supplies,804520,XLV
CERN,Cerner Corporation,0.617538,Health Care Technology,1757570,XLV
ZBH,Zimmer Biomet Holdings Inc.,0.597401,Health Care Equipment & Supplies,1150898,XLV
IDXX,IDEXX Laboratories Inc.,0.564015,Health Care Equipment & Supplies,479974,XLV
IQV,IQVIA Holdings Inc,0.54486,Life Sciences Tools & Services,1009814,XLV
MTD,Mettler-Toledo International Inc.,0.515942,Life Sciences Tools & Services,136276,XLV
COO,Cooper Companies Inc.,0.433673,Health Care Equipment & Supplies,277336,XLV
CAH,Cardinal Health Inc.,0.431283,Health Care Providers & Services,1637627,XLV
INCY,Incyte Corporation,0.406242,Biotechnology,1001017,XLV
ABC,AmerisourceBergen Corporation,0.399443,Health Care Providers & Services,841144,XLV
WAT,Waters Corporation,0.375999,Life Sciences Tools & Services,360532,XLV
TFX,Teleflex Incorporated,0.374966,Health Care Equipment & Supplies,259088,XLV
LH,Laboratory Corporation of America Holdings,0.3641,Health Care Providers & Services,543362,XLV
DGX,Quest Diagnostics Incorporated,0.363795,Health Care Providers & Services,753740,XLV
ALGN,Align Technology Inc.,0.355304,Health Care Equipment & Supplies,401642,XLV
STE,STERIS Plc,0.328391,Health Care Equipment & Supplies,474428,XLV
VAR,Varian Medical Systems Inc.,0.293434,Health Care Equipment & Supplies,508653,XLV
MYL,Mylan N.V.,0.291935,Pharmaceuticals,2887467,XLV
HOLX,Hologic Inc.,0.28334,Health Care Equipment & Supplies,1501383,XLV
PKI,PerkinElmer Inc.,0.270976,Life Sciences Tools & Services,621752,XLV
XRAY,DENTSPLY SIRONA Inc.,0.254814,Health Care Equipment & Supplies,1243564,XLV
HSIC,Henry Schein Inc.,0.227571,Health Care Providers & Services,820486,XLV
ABMD,ABIOMED Inc.,0.214758,Health Care Equipment & Supplies,252635,XLV
DVA,DaVita Inc.,0.211758,Health Care Providers & Services,501472,XLV
UHS,Universal Health Services Inc. Class B,0.207216,Health Care Providers & Services,449049,XLV
PRGO,Perrigo Co. Plc,0.206739,Pharmaceuticals,761423,XLV
AMZN,Amazon.com Inc.,34.809841,Internet & Direct Marketing Retail,1653542,XLY
HD,Home Depot Inc.,10.516762,Specialty Retail,5853774,XLY
MCD,McDonald's Corporation,6.129076,Hotels Restaurants & Leisure,4040831,XLY
NKE,NIKE Inc. Class B,4.644557,Textiles Apparel & Luxury Goods,6684946,XLY
SBUX,Starbucks Corporation,3.963666,Hotels Restaurants & Leisure,6335452,XLY
LOW,Lowe's Companies Inc.,3.083567,Specialty Retail,4110899,XLY
TGT,Target Corporation,2.907093,Multiline Retail,2717631,XLY
BKNG,Booking Holdings Inc.,2.861858,Internet & Direct Marketing Retail,224501,XLY
TJX,TJX Companies Inc,2.644951,Specialty Retail,6503623,XLY
DG,Dollar General Corporation,2.112196,Multiline Retail,1364969,XLY
ROST,Ross Stores Inc.,1.349077,Specialty Retail,1938033,XLY
GM,General Motors Company,1.311553,Automobiles,6735755,XLY
EBAY,eBay Inc.,1.197715,Internet & Direct Marketing Retail,4110087,XLY
ORLY,O'Reilly Automotive Inc.,1.17366,Specialty Retail,406582,XLY
MAR,Marriott International Inc. Class A,1.131515,Hotels Restaurants & Leisure,1458376,XLY
DLTR,Dollar Tree Inc.,1.074781,Multiline Retail,1272068,XLY
HLT,Hilton Worldwide Holdings Inc,1.062459,Hotels Restaurants & Leisure,1516408,XLY
AZO,AutoZone Inc.,1.025463,Specialty Retail,128163,XLY
YUM,Yum! Brands Inc.,1.016473,Hotels Restaurants & Leisure,1625575,XLY
F,Ford Motor Company,0.928495,Automobiles,20928988,XLY
VFC,V.F. Corporation,0.895528,Textiles Apparel & Luxury Goods,1760065,XLY
CMG,Chipotle Mexican Grill Inc.,0.894797,Hotels Restaurants & Leisure,137384,XLY
LVS,Las Vegas Sands Corp.,0.873012,Hotels Restaurants & Leisure,1816115,XLY
TIF,Tiffany & Co.,0.781105,Specialty Retail,580282,XLY
APTV,Aptiv PLC,0.705807,Auto Components,1371975,XLY
BBY,Best Buy Co. Inc.,0.686439,Specialty Retail,1224033,XLY
DHI,D.R. Horton Inc.,0.589386,Household Durables,1802222,XLY
TSCO,Tractor Supply Company,0.549567,Specialty Retail,636364,XLY
GRMN,Garmin Ltd.,0.546692,Household Durables,776594,XLY
LEN,Lennar Corporation Class A,0.488418,Household Durables,1504170,XLY
ULTA,Ulta Beauty Inc,0.487016,Specialty Retail,307321,XLY
KMX,CarMax Inc.,0.466379,Specialty Retail,883758,XLY
NVR,NVR Inc.,0.449589,Household Durables,18684,XLY
GPC,Genuine Parts Company,0.434487,Distributors,780924,XLY
EXPE,Expedia Group Inc.,0.422578,Internet & Direct Marketing Retail,751154,XLY
HAS,Hasbro Inc.,0.392477,Leisure Products,683930,XLY
WYNN,Wynn Resorts Limited,0.330651,Hotels Restaurants & Leisure,519142,XLY
AAP,Advance Auto Parts Inc.,0.323298,Specialty Retail,372260,XLY
DRI,Darden Restaurants Inc.,0.299136,Hotels Restaurants & Leisure,658992,XLY
RCL,Royal Caribbean Cruises Ltd.,0.288117,Hotels Restaurants & Leisure,923819,XLY
CCL,Carnival Corporation,0.285805,Hotels Restaurants & Leisure,2152790,XLY
MGM,MGM Resorts International,0.28018,Hotels Restaurants & Leisure,2767761,XLY
PHM,PulteGroup Inc.,0.26871,Household Durables,1369128,XLY
BWA,BorgWarner Inc.,0.259659,Auto Components,1109701,XLY
LKQ,LKQ Corporation,0.253306,Distributors,1647189,XLY
WHR,Whirlpool Corporation,0.241177,Household Durables,339453,XLY
NWL,Newell Brands Inc,0.239051,Household Durables,2048101,XLY
MHK,Mohawk Industries Inc.,0.223925,Household Durables,319600,XLY
RL,Ralph Lauren Corporation Class A,0.193355,Textiles Apparel & Luxury Goods,267233,XLY
HBI,Hanesbrands Inc.,0.193127,Textiles Apparel & Luxury Goods,1943925,XLY
LEG,Leggett & Platt Incorporated,0.175792,Household Durables,707145,XLY
TPR,Tapestry Inc.,0.173588,Textiles Apparel & Luxury Goods,1483019,XLY
HRB,H&R Block Inc.,0.143726,Diversified Consumer Services,1049366,XLY
HOG,Harley-Davidson Inc.,0.140746,Automobiles,829321,XLY
PVH,PVH Corp.,0.128065,Textiles Apparel & Luxury Goods,398472,XLY
LB,L Brands Inc.,0.126619,Specialty Retail,1248080,XLY
NCLH,Norwegian Cruise Line Holdings Ltd.,0.122338,Hotels Restaurants & Leisure,1143530,XLY
KSS,Kohl's Corporation,0.121849,Multiline Retail,841388,XLY
JWN,Nordstrom Inc.,0.099441,Multiline Retail,575806,XLY
UAA,Under Armour Inc. Class A,0.090205,Textiles Apparel & Luxury Goods,1011598,XLY
M,Macy's Inc,0.088372,Multiline Retail,1660664,XLY
CPRI,Capri Holdings Limited,0.083137,Textiles Apparel & Luxury Goods,815032,XLY
UA,Under Armour Inc. Class C,0.082599,Textiles Apparel & Luxury Goods,1045664,XLY
GPS,Gap Inc.,0.079458,Specialty Retail,1143641,XLY
